{
  "project_info": {
    "project_number": "303556430205",
    "firebase_url": "https://progro-ceb02-default-rtdb.firebaseio.com",
    "project_id": "progro-ceb02",
    "storage_bucket": "progro-ceb02.appspot.com"
  },
  "client": [
    {
      "client_info": {
        "mobilesdk_app_id": "1:303556430205:android:c3412dbf9de6977c536414",
        "android_client_info": {
          "package_name": "com.example.farmersdashborad"
        }
      },
      "oauth_client": [
        {
          "client_id": "303556430205-2r2me90li6jgrfie2vhkmjm0it103o7n.apps.googleusercontent.com",
          "client_type": 3
        }
      ],
      "api_key": [
        {
          "current_key": "AIzaSyA6gKs5Olihq843v2VXb0tcpqJsvnlVlc4"
        }
      ],
      "services": {
        "appinvite_service": {
          "other_platform_oauth_client": [
            {
              "client_id": "303556430205-2r2me90li6jgrfie2vhkmjm0it103o7n.apps.googleusercontent.com",
              "client_type": 3
            }
          ]
        }
      }
    },
    {
      "client_info": {
        "mobilesdk_app_id": "1:303556430205:android:4fb9cde2dab57cb2536414",
        "android_client_info": {
          "package_name": "com.example.jayde.farmerapp"
        }
      },
      "oauth_client": [
        {
          "client_id": "303556430205-4dn0utbk0jqsao2llq6dvj6pbj0e4usg.apps.googleusercontent.com",
          "client_type": 1,
          "android_info": {
            "package_name": "com.example.jayde.farmerapp",
            "certificate_hash": "d16c2da8d6789fc7d75c6dc3aa79ae7c78feb287"
          }
        },
        {
          "client_id": "303556430205-q16t1u64nc9j22gkg8b2ufeq45hn084k.apps.googleusercontent.com",
          "client_type": 1,
          "android_info": {
            "package_name": "com.example.jayde.farmerapp",
            "certificate_hash": "c039adcbec0450efcf21682923375ba4e2fe0708"
          }
        },
        {
          "client_id": "303556430205-2r2me90li6jgrfie2vhkmjm0it103o7n.apps.googleusercontent.com",
          "client_type": 3
        }
      ],
      "api_key": [
        {
          "current_key": "AIzaSyA6gKs5Olihq843v2VXb0tcpqJsvnlVlc4"
        }
      ],
      "services": {
        "appinvite_service": {
          "other_platform_oauth_client": [
            {
              "client_id": "303556430205-2r2me90li6jgrfie2vhkmjm0it103o7n.apps.googleusercontent.com",
              "client_type": 3
            }
          ]
        }
      }
    },
    {
      "client_info": {
        "mobilesdk_app_id": "1:303556430205:android:af9e27164a5c6646536414",
        "android_client_info": {
          "package_name": "com.example.newstry"
        }
      },
      "oauth_client": [
        {
          "client_id": "303556430205-2r2me90li6jgrfie2vhkmjm0it103o7n.apps.googleusercontent.com",
          "client_type": 3
        }
      ],
      "api_key": [
        {
          "current_key": "AIzaSyA6gKs5Olihq843v2VXb0tcpqJsvnlVlc4"
        }
      ],
      "services": {
        "appinvite_service": {
          "other_platform_oauth_client": [
            {
              "client_id": "303556430205-2r2me90li6jgrfie2vhkmjm0it103o7n.apps.googleusercontent.com",
              "client_type": 3
            }
          ]
        }
      }
    },
    {
      "client_info": {
        "mobilesdk_app_id": "1:303556430205:android:de766247912fa2c3536414",
        "android_client_info": {
          "package_name": "com.example.progro"
        }
      },
      "oauth_client": [
        {
          "client_id": "303556430205-59k0m53b86cl0h8k1vf97rcigvpi0avm.apps.googleusercontent.com",
          "client_type": 1,
          "android_info": {
            "package_name": "com.example.progro",
            "certificate_hash": "33f6f51476ff4391349865c01f02d7fdaa15b4fd"
          }
        },
        {
          "client_id": "303556430205-2r2me90li6jgrfie2vhkmjm0it103o7n.apps.googleusercontent.com",
          "client_type": 3
        }
      ],
      "api_key": [
        {
          "current_key": "AIzaSyA6gKs5Olihq843v2VXb0tcpqJsvnlVlc4"
        }
      ],
      "services": {
        "appinvite_service": {
          "other_platform_oauth_client": [
            {
              "client_id": "303556430205-2r2me90li6jgrfie2vhkmjm0it103o7n.apps.googleusercontent.com",
              "client_type": 3
            }
          ]
        }
      }
    },
    {
      "client_info": {
        "mobilesdk_app_id": "1:303556430205:android:11e8f541fcaa82bb536414",
        "android_client_info": {
          "package_name": "com.example.retriveimgsample"
        }
      },
      "oauth_client": [
        {
          "client_id": "303556430205-2r2me90li6jgrfie2vhkmjm0it103o7n.apps.googleusercontent.com",
          "client_type": 3
        }
      ],
      "api_key": [
        {
          "current_key": "AIzaSyA6gKs5Olihq843v2VXb0tcpqJsvnlVlc4"
        }
      ],
      "services": {
        "appinvite_service": {
          "other_platform_oauth_client": [
            {
              "client_id": "303556430205-2r2me90li6jgrfie2vhkmjm0it103o7n.apps.googleusercontent.com",
              "client_type": 3
            }
          ]
        }
      }
    }
  ],
  "configuration_version": "1"
}